{
  "project_info": {
    "project_number": "496687400474",
    "firebase_url": "https://sample-3b565.firebaseio.com",
    "project_id": "sample-3b565",
    "storage_bucket": "sample-3b565.appspot.com"
  },
  "client": [
    {
      "client_info": {
        "mobilesdk_app_id": "1:496687400474:android:ea680f2db8b2f68fddb3a3",
        "android_client_info": {
          "package_name": "com.example.fireb"
        }
      },
      "oauth_client": [
        {
          "client_id": "496687400474-eqjphok2b2it602aab7s5uhak38gnhec.apps.googleusercontent.com",
          "client_type": 3
        }
      ],
      "api_key": [
        {
          "current_key": "AIzaSyAKml4AWtLXSTVWWPKk_yu1_sG4UmWU49s"
        }
      ],
      "services": {
        "appinvite_service": {
          "other_platform_oauth_client": [
            {
              "client_id": "496687400474-eqjphok2b2it602aab7s5uhak38gnhec.apps.googleusercontent.com",
              "client_type": 3
            }
          ]
        }
      }
    }
  ],
  "configuration_version": "1"
}